id,date,amount,memo
TXN-1001,2026-03-01,18450.00,ACME CORP PAYROLL MARCH
TXN-1002,2026-03-01,220.18,STARBUCKS CORP QSR
TXN-1003,2026-03-02,88.40,UBER TRIP DOWNTOWN SF
TXN-1004,2026-03-02,4120.00,AWS INFRA US-EAST-1
TXN-1005,2026-03-03,15.99,NETFLIX.COM SUBSCRIPTION
TXN-1006,2026-03-03,760.00,FEDEX PRIORITY OVERNIGHT
TXN-1007,2026-03-04,12990.50,DELL TECHNOLOGIES LAPTOPS
TXN-1008,2026-03-04,340.00,WEWORK SOMA MEMBERSHIP
TXN-1009,2026-03-05,55.12,SHELL OIL FLEET CARD
TXN-1010,2026-03-05,980.00,DOCUSIGN ANNUAL SEATS
TXN-1012,2026-03-06,199.00,SLACK TECHNOLOGIES INC
TXN-1013,2026-03-07,432.75,OFFICE DEPOT SUPPLIES
TXN-1014,2026-03-07,6750.00,GOOGLE CLOUD PLATFORM
TXN-1015,2026-03-08,42.00,LYFT RIDE AIRPORT SFO
TXN-1016,2026-03-08,1100.00,SPOTIFY ADS CAMPAIGN
TXN-1017,2026-03-09,875.25,STAPLES BUSINESS ADVANTAGE
TXN-1019,2026-03-10,64.80,AMAZON WEB STORE RETAIL
TXN-1020,2026-03-10,3100.00,SALESFORCE CRM LICENSES
TXN-1021,2026-03-11,210.40,UBER EATS TEAM LUNCH
TXN-1022,2026-03-11,499.00,ZOOM VIDEO COMMUNICATIONS
TXN-1023,2026-03-12,9800.00,OKTA IDENTITY CLOUD
TXN-1024,2026-03-12,27.50,PEETS COFFEE MARKET ST
TXN-1025,2026-03-13,5600.00,CROWDSTRIKE FALCON
TXN-1026,2026-03-13,133.33,AT&T BUSINESS WIRELESS
TXN-1028,2026-03-14,2400.00,HUBSPOT MARKETING HUB
TXN-1029,2026-03-15,18.75,SQ *BLUE BOTTLE COFFEE
TXN-1031,2026-03-16,910.00,TWILIO INC MESSAGING
TXN-1032,2026-03-16,300.00,USPS PRIORITY MAIL
TXN-1033,2026-03-17,1250.00,GITHUB ENTERPRISE CLOUD
TXN-1034,2026-03-17,76.20,CHEVRON FLEET 4491
TXN-1035,2026-03-18,1890.00,DATADOG MONITORING
TXN-1036,2026-03-18,48.00,UBER TRIP MISSION
TXN-1037,2026-03-19,6200.00,SNOWFLAKE COMPUTE
TXN-1038,2026-03-19,250.00,NOTION LABS INC
TXN-1039,2026-03-20,1040.00,CLOUDFLARE ENTERPRISE
TXN-1040,2026-03-20,12.99,APPLE.COM/BILL
TXN-2001,2026-03-04,1500.00,ACCRUAL ONLY RENT DEPOSIT
TXN-2002,2026-03-12,8750.00,INTERNAL TRANSFER UNPOSTED BANK
TXN-2003,2026-03-18,99.00,GL TIMING STRIPE PAYOUT
